{
  "toggle_mod": true,
  "animation_speed": 180,
  "curve_points": [
    [
      0.11368408,
      0.88674444
    ]
  ]
}